34276301	no_omics_term	Systems and Circuits Linking Chronic Pain and Circadian Rhythms.
18400394	no_omics_term	Early cytokine gene expression in mouse CNS after peripheral nerve lesion.
12823482	no_omics_term	Induction of CB2 receptor expression in the rat spinal cord of neuropathic but not inflamm
37673611	no_omics_term	[Neuropathic pain decoded by microglial heterogeneity].
24606981	no_omics_term	Functional up-regulation of Nav1.8 sodium channel in Aβ afferent fibers subjected to chron
23650124	no_omics_term	A novel approach to identify responder subgroups and predictors of response to low- and hi
22796105	no_omics_term	Role of metabotropic glutamate receptor 1 in the basolateral amygdala-driven prefrontal co
19660121	no_omics_term	Proinflammatory-activated trigeminal satellite cells promote neuronal sensitization: relev
37482304	not_pain_phenotype	N
18057078	no_omics_term	Seven genomic subtypes of chronic fatigue syndrome/myalgic encephalomyelitis: a detailed a
35583000	no_omics_term	SNHG5 knockdown alleviates neuropathic pain induced by chronic constriction injury via spo
37635236	no_omics_term	Duhuo Jisheng decoction alleviates neuroinflammation and neuropathic pain by suppressing m
41965273	not_pain_phenotype	Tryptophan depletion generates hyper-reactive portal neutrophils in alcoholic liver diseas
31917338	no_omics_term	Glycosphingolipid Biosynthesis Pathway in the Spinal Cord and Dorsal Root Ganglia During I
17314299	no_omics_term	Upregulation of substance P in low-threshold myelinated afferents is not required for tact
33051351	no_omics_term	Deletion of the Gene Encoding the NMDA Receptor GluN1 Subunit in Schwann Cells Causes Ultr
28780730	no_omics_term	The Sesquiterpene Lactone, Budlein A, Inhibits Antigen-Induced Arthritis in Mice: Role of 
14749426	no_omics_term	Semaphorin3A inhibits nerve growth factor-induced sprouting of nociceptive afferents in ad
14643007	no_omics_term	Dexamethasone exposure during the neonatal period alters ORL1 mRNA expression in the hypot
17627516	no_omics_term	Molecular approaches for neuropathic pain treatment.
22584260	no_omics_term	Comparative evaluation of the effect of tricyclic antidepressants on inducible nitric oxid
23312515	no_omics_term	Nuclear calcium signaling in spinal neurons drives a genomic program required for persiste
30949048	no_omics_term	Subantimicrobial Dose Doxycycline Worsens Chronic Arthritis-Induced Bone Microarchitectura
33283622	no_omics_term	Trigeminal neuropathic pain is alleviated by inhibition of Ca
12885270	no_omics_term	Contributions of P2X3 homomeric and heteromeric channels to acute and chronic pain.
32210474	no_omics_term	Immune response against Chlamydia trachomatis via toll-like receptors is negatively regula
21841161	not_pain_phenotype	Perturbation of hepcidin expression by BMP type I receptor deletion induces iron overload 
36756710	no_omics_term	miR-26a-5p alleviates CFA-induced chronic inflammatory hyperalgesia through Wnt5a/CaMKII/N
34532258	no_omics_term	Neuroinflammatory gene expression in chronic prostatitis/chronic pelvic pain syndrome pati
36257688	no_omics_term	HDAC2 in Primary Sensory Neurons Constitutively Restrains Chronic Pain by Repressing α2δ-1
28698219	no_omics_term	The transcription factor C/EBPβ in the dorsal root ganglion contributes to peripheral nerv
22687356	no_omics_term	Involvement of tachykinins and NK1 receptor in the joint inflammation with collagen type I
29430855	no_omics_term	Dynorphinergic system alterations in the corticostriatal circuitry of neuropathic mice sup
33049352	no_omics_term	SNHG16 aggravates chronic constriction injury-induced neuropathic pain in rats via binding
24650225	no_omics_term	Painful, degenerating intervertebral discs up-regulate neurite sprouting and CGRP through 
40121199	no_omics_term	Equisetum diffusum whole plant methanol extract attenuates rheumatoid arthritis by modulat
41437983	no_omics_term	Leveraging microbiota-metabolites to reduce inflammation and promote functional recovery f
11144961	no_omics_term	Initial characterization of the transplant of immortalized chromaffin cells for the attenu
38193197	no_omics_term	An inulin-type fructan CP-A from 
39989404	no_omics_term	Upregulation of FMRP Is Involved in Neuropathic Pain by Regulating GluN2B Activation in Ra
20223282	no_omics_term	Tooth pulp inflammation increases brain-derived neurotrophic factor expression in rodent t
36145533	no_omics_term	Anti-Inflammatory Therapy for Temporomandibular Joint Osteoarthritis Using mRNA Medicine E
28799796	not_pain_phenotype	Immune modulation by curcumin: The role of interleukin-10.
26456351	no_omics_term	Convergent phosphomodulation of the major neuronal dendritic potassium channel Kv4.2 by pi
20051242	no_omics_term	Deficiency of the negative immune regulator B7-H1 enhances inflammation and neuropathic pa
22480457	no_omics_term	Masseter inflammation differentially regulates three nitric oxide synthases in the rat tri
38395454	no_omics_term	Patients with ankylosing spondylitis present a distinct CD8 T cell subset with osteogenic 
26365991	no_omics_term	Acrolein contributes to TRPA1 up-regulation in peripheral and central sensory hypersensiti
17556103	no_omics_term	Changes in BDNF gene expression correlate with rat strain differences in neuropathic pain.
27610166	no_omics_term	Effects of Saffron (Crocus sativus L.) Stigma Extract and its Active Constituent Crocin on
17873601	no_omics_term	Genetic factors in pain and its treatment.
26945982	no_omics_term	Chrysophyllum cainito leaves are effective against pre-clinical chronic pain models: Analy
40921247	no_omics_term	Generation and phenotypic characterization of a sigma-1 receptor knockout rat.
26617805	no_omics_term	MiR-19a targets suppressor of cytokine signaling 1 to modulate the progression of neuropat
33308017	no_omics_term	Autoimmunity to urothelial antigen causes bladder inflammation, pelvic pain, and voiding d
24225423	no_omics_term	Vertebral compression exacerbates osteoporotic pain in an ovariectomy-induced osteoporosis
40066438	no_omics_term	Update on tocilizumab in rheumatoid arthritis: a narrative review.
15636010	no_omics_term	Peripheral mechanisms for the initiation of pain following trigeminal nerve injury.
37293068	no_omics_term	Mast cell-derived BH4 is a critical mediator of postoperative pain.
29725365	not_pain_phenotype	Effects of recombinant human growth hormone on protein malnutrition and 
31713483	no_omics_term	MicroRNA-212-3p Attenuates Neuropathic Pain via Targeting Sodium Voltage-gated Channel Alp
18847518	no_omics_term	Session 3: Joint Nutrition Society and Irish Nutrition and Dietetic Institute Symposium on
27577933	no_omics_term	Bullatine A stimulates spinal microglial dynorphin A expression to produce anti-hypersensi
17016858	no_omics_term	Early postnatal chronic inflammation produces long-term changes in pain behavior and N-met
32038157	no_omics_term	Transcriptional Profiling of Non-injured Nociceptors After Spinal Cord Injury Reveals Dive
25031415	no_omics_term	A leptin-mediated central mechanism in analgesia-enhanced opioid reward in rats.
40575333	no_omics_term	Endothelin A receptor in nociceptors is essential for persistent mechanical pain in a chro
33923953	no_omics_term	BK
33671381	not_pain_phenotype	Therapeutic Potentials of 
41799800	not_pain_phenotype	Computational discovery of precision therapeutics for hidradenitis suppurativa.
41224757	not_pain_phenotype	Age-impaired remyelination is associated with dysregulated microglial transitions.
27011380	no_omics_term	SDF1-CXCR4 Signaling Contributes to the Transition from Acute to Chronic Pain State.
32582988	no_omics_term	A critical role for miR‑135a‑5p‑mediated regulation of SLC24A2 in neuropathic pain.
21671799	no_omics_term	Neuropathy-induced spinal GAP-43 expression is not a main player in the onset of mechanica
36424837	no_omics_term	LncRNA MEG3-TRPV1 signaling regulates chronic inflammatory pain in rats.
16741785	no_omics_term	Pharmacological aspects of successful long-term analgesia.
15680702	no_omics_term	alpha2-adrenoceptors inhibit the intracellular Ca2+ response to electrical stimulation in 
35022077	no_omics_term	Effect of lentivirus-mediated growth and differentiation factor-5 transfection on differen
23007871	not_pain_phenotype	Stress and gene expression of individuals with chronic abdominal pain.
38724967	no_omics_term	ECM-mimetic, NSAIDs loaded thermo-responsive, immunomodulatory hydrogel for rheumatoid art
24964368	no_omics_term	Tumor necrosis factor-α inhibitors alleviation of experimentally induced neuropathic pain 
17040473	no_omics_term	Neuropathic pain and the endocannabinoid system in the dorsal raphe: pharmacological treat
41067955	no_omics_term	Intrathecal STAT3 inhibitor Bt354 ameliorates chronic constriction injury-induced nocicept
41380856	not_pain_phenotype	Integrative metabolomics and machine learning reveal diagnostic biomarkers for gelsenicine
17989304	no_omics_term	Expression of CCR2 in both resident and bone marrow-derived microglia plays a critical rol
29582417	no_omics_term	Analysis of the distribution of spinal NOP receptors in a chronic pain model using NOP-eGF
34157554	not_pain_phenotype	Mechanism underlying Polygonum capitatum effect on Helicobacter pylori-associated gastriti
40653266	no_omics_term	Hyodeoxycholic acid relieves neuropathic pain by activating farnesoid X receptor signaling
27121264	not_pain_phenotype	Galanin 3 receptor-deficient mice show no alteration in the oxazolone-induced contact derm
20519054	no_omics_term	Satellite glial cells express IL-6 and corresponding signal-transducing receptors in the d
27283483	no_omics_term	Preclinical efficacy of a gastro-sparing novel thiazolidin-4-one in alleviating secondary 
26864916	not_pain_phenotype	Progranulin suppresses titanium particle induced inflammatory osteolysis by targeting TNFα
22249337	no_omics_term	Effect of dipyrone and thalidomide alone and in combination on STZ-induced diabetic neurop
35328395	no_omics_term	A High Body Mass Index and the Vacuum Phenomenon Upregulate Pain-Related Molecules in Huma
24286006	not_pain_phenotype	Secondary amyloidosis in a patient carrying mutations in the familial Mediterranean fever 
36286687	no_omics_term	[Chondroitin sulfate in therapy osteoarthritis chronic pain patients according to actual c
35832286	no_omics_term	Elevated highly sensitive C-reactive protein in fibromyalgia associates with symptom sever
34514543	no_omics_term	The role of dorsal root ganglia alpha-7 nicotinic acetylcholine receptor in complete Freun
16787404	no_omics_term	The transcription factor DeltaFosB is recruited by inflammatory pain.
33408720	no_omics_term	Bidirectional Action of Cenicriviroc, a CCR2/CCR5 Antagonist, Results in Alleviation of Pa
34116186	no_omics_term	Ethnomedicinal uses, phytochemistry, pharmacological activities and toxicological profile 
20726890	no_omics_term	Plasticity of hyperpolarization-activated and cyclic nucleotid-gated cation channel subuni
31683631	no_omics_term	Electrical Stimulation of C6 Glia-Precursor Cells In Vitro Differentially Modulates Gene E
37291337	no_omics_term	Oxycodone withdrawal induces HDAC1/HDAC2-dependent transcriptional maladaptations in the r
20534789	no_omics_term	Antinociceptive effects of AS1892802, a novel Rho kinase inhibitor, in rat models of infla
29886243	no_omics_term	Ibudilast produces anti-allodynic effects at the persistent phase of peripheral or central
27599867	no_omics_term	Downregulation of miR-219 enhances brain-derived neurotrophic factor production in mouse d
24374082	no_omics_term	Temporal changes in MrgC expression after spinal nerve injury.
34281158	no_omics_term	Increased Expression of Thymic Stromal Lymphopoietin in Chronic Constriction Injury of Rat
35939988	not_pain_phenotype	Association of IRGM promoter region polymorphisms and haplotype with pulmonary tuberculosi
32125485	no_omics_term	Ketamine relieves depression-like behaviors induced by chronic postsurgical pain in rats t
22672183	no_omics_term	Spinal interleukin-10 therapy to treat peripheral neuropathic pain.
35846355	no_omics_term	Immuno-Modulatory Effects of Intervertebral Disc Cells.
25951228	no_omics_term	Effects of intermedin on dorsal root ganglia in the transmission of neuropathic pain in ch
40842082	no_omics_term	TREM2 and Pain Development: An Old Molecule, a New Target.
38530746	not_pain_phenotype	A Review on the Traditional Applications, Phytochemistry, and Pharmacology of the Genus Ph
38874721	no_omics_term	Enkephalin Rescues Temporomandibular Joint Pain-Related Behavior in Rats.
16061521	no_omics_term	P2X receptors: targets for novel analgesics?
23098566	no_omics_term	Aminopiperidine sulfonamide Cav2.2 channel inhibitors for the treatment of chronic pain.
40441191	not_pain_phenotype	Blood metabolomic and Crohn's disease: A Mendelian randomization study.
39975116	no_omics_term	
25636687	no_omics_term	Serum MicroRNA Signatures in Migraineurs During Attacks and in Pain-Free Periods.
28314819	no_omics_term	Depressive-Like Behaviors Are Regulated by NOX1/NADPH Oxidase by Redox Modification of NMD
24322332	no_omics_term	Intrathecal AAV serotype 9-mediated delivery of shRNA against TRPV1 attenuates thermal hyp
16524371	no_omics_term	Spatial and temporal relationship between monocyte chemoattractant protein-1 expression an
22296735	no_omics_term	Calcium/calmodulin dependent kinase II contributes to persistent central neuropathic pain 
32393298	no_omics_term	Anti-inflammatory protein TSG-6 secreted by bone marrow mesenchymal stem cells attenuates 
41605341	no_omics_term	Persistent neuropathic pain selectively impairs hedonic and motivational aspects of eating
36830710	not_pain_phenotype	Identification of Lipid Biomarkers for Chronic Joint Pain Associated with Different Joint 
25629055	no_omics_term	D-aspartate modulates nociceptive-specific neuron activity and pain threshold in inflammat
22353423	no_omics_term	NOV/CCN3 attenuates inflammatory pain through regulation of matrix metalloproteinases-2 an
34786952	no_omics_term	Modulation of signal transduction gene expression following pulsed radiofrequency in dorsa
30740043	not_pain_phenotype	Global Gene Knockout of 
28137966	no_omics_term	Loss of M1 Receptor Dependent Cholinergic Excitation Contributes to mPFC Deactivation in N
41793208	not_pain_phenotype	Genomic and proteomic insights into hidradenitis suppurativa.
34381521	no_omics_term	Application of Bioinformatics Methods to Identify Key Genes and Functions in Chronic Pelvi
29679493	no_omics_term	PPARs and pain.
19674505	no_omics_term	Differential expression of connexins in trigeminal ganglion neurons and satellite glial ce
24231349	no_omics_term	Balancing GRK2 and EPAC1 levels prevents and relieves chronic pain.
23685007	no_omics_term	Nerve injury-induced changes in Homer/glutamate receptor signaling contribute to the devel
37812355	no_omics_term	Evaluated periodontal tissues and oxidative stress in rats with neuropathic pain-like beha
31766461	no_omics_term	The Role of Maresins in Inflammatory Pain: Function of Macrophages in Wound Regeneration.
24205293	no_omics_term	Contact hypersensitivity to oxazolone provokes vulvar mechanical hyperalgesia in mice.
37864629	no_omics_term	AQP4 is an Emerging Regulator of Pathological Pain: A Narrative Review.
32893032	not_pain_phenotype	The Atlas of Inflammation Resolution (AIR).
28874151	no_omics_term	Effects of Mollugo pentaphylla extract on monosodium urate crystal-induced gouty arthritis
42098938	no_omics_term	Effect of Intravesical Administration of Steroid Enemas on an Experimental Autoimmune Inte
32856747	no_omics_term	Role of CD14-positive cells in inflammatory cytokine and pain-related molecule expression 
28212278	not_pain_phenotype	The Effect of the Human Peptide GHK on Gene Expression Relevant to Nervous System Function
27030720	no_omics_term	Involvement of NIPSNAP1, a neuropeptide nocistatin-interacting protein, in inflammatory pa
19630766	not_pain_phenotype	Systems approach to inflammation resolution: identification of novel anti-inflammatory and
31076578	no_omics_term	Facilitation of neuropathic pain by the NPY Y1 receptor-expressing subpopulation of excita
30611783	no_omics_term	Nicorandil abates arthritic perturbations induced by complete Freund's adjuvant in rats vi
17440234	not_pain_phenotype	The effects of indomethacin on angiogenic factors mRNA expression in renal cortex of healt
38139869	no_omics_term	Uncommon Septic Arthritis of the Hip Joint in an Immunocompetent Adult Patient Due to 
15777864	no_omics_term	Disruption of the P2X7 purinoceptor gene abolishes chronic inflammatory and neuropathic pa
41217900	no_omics_term	Impact of Yoga and Naturopathy in a Patient with Chronic Idiopathic Axonal Polyneuropathy 
18338959	no_omics_term	Force-dependent development of neuropathic central pain and time-related CCL2/CCR2 express
19946620	no_omics_term	Clinical and molecular aspects of varicella zoster virus infection.
33919306	no_omics_term	miR-155 as an Important Regulator of Multiple Sclerosis Pathogenesis. A Review.
20302849	no_omics_term	Role of midbrain periaqueductal gray P2X3 receptors in electroacupuncture-mediated endogen
39455939	no_omics_term	Intranasal administration of recombinant human BDNF as a potential therapy for some primar
35711454	not_pain_phenotype	A Novel Tree Shrew Model of Chronic Experimental Autoimmune Uveitis and Its Disruptive App
33197592	no_omics_term	Increased expression of macrophages and inflammatory cytokines at tendon origin in patient
16326015	no_omics_term	The effect of site and type of nerve injury on the expression of brain-derived neurotrophi
27812120	no_omics_term	Oxidized Phospholipid OxPAPC Activates TRPA1 and Contributes to Chronic Inflammatory Pain 
27647830	not_pain_phenotype	Signaling and Immunoresolving Actions of Resolvin D1 in Inflamed Human Visceral Adipose Ti
33167866	no_omics_term	Downregulation of long noncoding RNA DLEU1 attenuates hypersensitivity in chronic constric
29981899	no_omics_term	Plasma N-glycome composition associates with chronic low back pain.
31603252	no_omics_term	Sphingosine-1-phosphate receptor 2 modulates pain sensitivity by suppressing the ROS-RUNX3
23811428	no_omics_term	Functional role of alpha7 nicotinic receptor in chronic neuropathic and inflammatory pain:
32085605	not_pain_phenotype	Fluorescent Light Energy (FLE) Acts on Mitochondrial Physiology Improving Wound Healing.
41215769	no_omics_term	EUK nanozyme-loaded PL&GA coacervate droplets attenuate ulcerative colitis through restori
11331415	no_omics_term	Nerve growth factor induces P2X(3) expression in sensory neurons.
36920122	no_omics_term	Differential Gene Expression Among Patients With Heart Failure Experiencing Pain.
18503626	no_omics_term	Opioids and the management of chronic severe pain in the elderly: consensus statement of a
35726855	no_omics_term	Immortalized Bone Mesenchymal Stromal Cells With Inducible Galanin Expression Produce Cont
41797973	no_omics_term	Inhibition of IL-6/STAT3 Signaling by N-Trans-Hibiscusamide and Its Derivative in a Mouse 
31722730	no_omics_term	P2Y12 receptor mediates microglial activation via RhoA/ROCK pathway in the trigeminal nucl
37968831	no_omics_term	Quercetin, Main Active Ingredient of Moutan Cortex, Alleviates Chronic Orofacial Pain via 
38548093	not_pain_phenotype	Elucidating the crosstalk between endothelial-to-mesenchymal transition (EndoMT) and endot
34305614	no_omics_term	miRNA-Based Potential Biomarkers and New Molecular Insights in Ulcerative Colitis.
25036790	no_omics_term	Multi-dimensional target profiling of N,4-diaryl-1,3-thiazole-2-amines as potent inhibitor
29071937	no_omics_term	[Involvement of Central Neuroglia Cells in Analgesic Effect of Electroacupuncture Therapy 
20097004	no_omics_term	Transgenic inhibition of glial NF-kappa B reduces pain behavior and inflammation after per
29587798	no_omics_term	Inhibition of peripheral macrophages by nicotinic acetylcholine receptor agonists suppress
10915572	no_omics_term	Long-lasting regulation of galanin, opioid, and other peptides in dorsal root ganglia and 
36942908	no_omics_term	Association of 
41599750	not_pain_phenotype	UHPLC-Q-Orbitrap-HRMS-Based Multilayer Mapping of the Pharmacodynamic Substance Basis and 
36860688	no_omics_term	
24206615	no_omics_term	Chemokine expression in peripheral tissues from the monosodium iodoacetate model of chroni
30808963	no_omics_term	Silencing of spinal Trpv1 attenuates neuropathic pain in rats by inhibiting CAMKII express
38287541	not_pain_phenotype	Molecules in the hippo pathway that regulate Th17 differentiation reveal the severity of a
21179208	no_omics_term	The spinal cord expression of neuronal and inducible nitric oxide synthases and their cont
31033977	no_omics_term	Glucosamine sulphate-loaded distearoyl phosphocholine liposomes for osteoarthritis treatme
18262365	no_omics_term	Role of interleukin-1beta and tumor necrosis factor-alpha-dependent expression of cyclooxy
41463111	no_omics_term	Neuropathic Pain and Related Depression in Mice: The Effect of a Terpene and a Minor Canna
33859952	not_pain_phenotype	Multimodal Analysis of the Tissue Response to a Bone-Anchored Hearing Implant: Presentatio
25150149	no_omics_term	RGS9-2 modulates sensory and mood related symptoms of neuropathic pain.
40785673	no_omics_term	EGR2 maintains neuropathic pain by promoting microglial phagocytosis.
