accession,species,tier,verdict,reason_code,reason_source,reason_code_proposed,platform,year,title,url,n_samples,source
ST000218,Homo sapiens,prioritised,exclude,faecal_scfa_panel_not_a_comparable_compartment,phenotype_scope_2026_08_30,,GC-MS,2015,Role of Microbiome in Psoriatic Arthritis (SCFA in PsA),https://www.metabolomicsworkbench.org/data/DRCCMetadata.php?Mode=Study&StudyID=ST000218,89,METABOLOMICS_WORKBENCH
ST000585,Homo sapiens,prioritised,exclude,no_abundances_deposited,reviewer+rest_validation,,LC-MS,2017,Metabolomic profiling of follicular fluid from patients with infertility-related deep endometriosis.,https://www.metabolomicsworkbench.org/data/DRCCMetadata.php?Mode=Study&StudyID=ST000585,92,METABOLOMICS_WORKBENCH
ST000603,Homo sapiens,prioritised,include,usable_pending_file_check,reviewer+rest_validation,,GC-MS,2017,"Urinary Volatile Compound, Associated with Chronic Inflammation In Interstitial Cystitis",https://www.metabolomicsworkbench.org/data/DRCCMetadata.php?Mode=Study&StudyID=ST000603,20,METABOLOMICS_WORKBENCH
ST000676,Mus musculus,prioritised,include,usable_pending_file_check,reviewer+rest_validation,,LC-MS,2017,Effect of high fat diet and streptozotocin treatment on neuropathy,https://www.metabolomicsworkbench.org/data/DRCCMetadata.php?Mode=Study&StudyID=ST000676,236,METABOLOMICS_WORKBENCH
ST000780,Mus musculus,prioritised,include,usable_pending_file_check,reviewer+rest_validation,,LC-MS,2017,High fat diet and sciatic nerves functions,https://www.metabolomicsworkbench.org/data/DRCCMetadata.php?Mode=Study&StudyID=ST000780,48,METABOLOMICS_WORKBENCH
ST000876,Homo sapiens,prioritised,exclude,no_control_arm_in_factors,reviewer+rest_validation,,MS(Dir. Inf.),2017,Human serum for a patient with neuropathy being treated with L-serine.,https://www.metabolomicsworkbench.org/data/DRCCMetadata.php?Mode=Study&StudyID=ST000876,13,METABOLOMICS_WORKBENCH
ST001121,Homo sapiens,prioritised,exclude,no_control_arm_in_factors,reviewer+rest_validation,,LC-MS,2019,Identification of urine metabolites in patients with interstitial cystitis using untargeted metabolomics (part I),https://www.metabolomicsworkbench.org/data/DRCCMetadata.php?Mode=Study&StudyID=ST001121,43,METABOLOMICS_WORKBENCH
ST001122,Homo sapiens,prioritised,exclude,no_control_arm_in_factors,reviewer+rest_validation,,LC-MS,2019,Identification of urine metabolites in patients with interstitial cystitis using untargeted metabolomics (part II),https://www.metabolomicsworkbench.org/data/DRCCMetadata.php?Mode=Study&StudyID=ST001122,43,METABOLOMICS_WORKBENCH
ST001327,Mus musculus,prioritised,exclude,no_pain_phenotype,reviewer+rest_validation,,LC-MS,2020,Mitochondrial Lipid Profiles in Traumatic Optic Neuropathy,https://www.metabolomicsworkbench.org/data/DRCCMetadata.php?Mode=Study&StudyID=ST001327,32,METABOLOMICS_WORKBENCH
ST001412,Homo sapiens,prioritised,include,usable_pending_file_check,reviewer+rest_validation,,LC-MS,2020,Metabolomics study in Plasma of Obese Patients with Neuropathy Identifies Potential Metabolomics Signatures,https://www.metabolomicsworkbench.org/data/DRCCMetadata.php?Mode=Study&StudyID=ST001412,131,METABOLOMICS_WORKBENCH
ST001815,Homo sapiens,prioritised,exclude,no_control_arm_in_factors,reviewer+rest_validation,,GC-MS/LC-MS,2021,Metabolic Markers of Methotrexate Response in Juvenile Idiopathic Arthritis,https://www.metabolomicsworkbench.org/data/DRCCMetadata.php?Mode=Study&StudyID=ST001815,60,METABOLOMICS_WORKBENCH
ST001940,Homo sapiens,prioritised,exclude,intervention_pre_post_not_case_control,reviewer+rest_validation,,LC-MS,2021,Cognitive Behavioral Therapy for Irritable Bowel Syndrome Induces Bidirectional Alterations in the Brain-Gut-Microbiome Axis Associated with Gastrointestinal Symptom Improvement,https://www.metabolomicsworkbench.org/data/DRCCMetadata.php?Mode=Study&StudyID=ST001940,68,METABOLOMICS_WORKBENCH
ST001949,Homo sapiens,prioritised,include,usable_pending_file_check,phenotype_scope_2026_08_30,,GC-MS,2021,Plasma Metabolome Normalization in Rheumatoid Arthritis following initiation of Methotrexate and the Identification of Metabolic Biomarkers of Efficacy,https://www.metabolomicsworkbench.org/data/DRCCMetadata.php?Mode=Study&StudyID=ST001949,60,METABOLOMICS_WORKBENCH
ST002540,Homo sapiens,prioritised,exclude,no_pain_versus_control_contrast,reviewer+rest_validation,,GC-MS,2023,Deriving Schwann Cells from hPSCs Enables Disease Modeling and Drug Discovery for Diabetic Peripheral Neuropathy,https://www.metabolomicsworkbench.org/data/DRCCMetadata.php?Mode=Study&StudyID=ST002540,14,METABOLOMICS_WORKBENCH
ST002974,Mus musculus,prioritised,exclude,no_pain_versus_control_contrast,reviewer+rest_validation,,LC-MS,2023,Leishmania mexicana Promotes Pain-reducing Metabolomic Reprogramming In Cutaneous Lesions,https://www.metabolomicsworkbench.org/data/DRCCMetadata.php?Mode=Study&StudyID=ST002974,66,METABOLOMICS_WORKBENCH
ST003177,Homo sapiens,prioritised,include,usable_pending_file_check,phenotype_scope_2026_08_30,,LC-MS,2024,"A Longitudinal Study in Rheumatoid Arthritis Unveils Metabolomic Biomarkers Preceding Clinical Onset, Assessing Disease Severity, and Anticipating Treatment Response to csDMARDs",https://www.metabolomicsworkbench.org/data/DRCCMetadata.php?Mode=Study&StudyID=ST003177,2492,METABOLOMICS_WORKBENCH
ST003520,Homo sapiens,prioritised,include,usable_pending_file_check,phenotype_scope_2026_08_30,,LC-MS,2024,Identification of Plasma Metabolomic Biomarkers of Juvenile Idiopathic Arthritis,https://www.metabolomicsworkbench.org/data/DRCCMetadata.php?Mode=Study&StudyID=ST003520,210,METABOLOMICS_WORKBENCH
ST003523,Homo sapiens,prioritised,exclude,no_pain_versus_control_contrast,reviewer+rest_validation,,LC-MS,2024,Hypermetabolism induced pantothenate depletion in MT-ATP6 neuropathy,https://www.metabolomicsworkbench.org/data/DRCCMetadata.php?Mode=Study&StudyID=ST003523,90,METABOLOMICS_WORKBENCH
ST003579,Homo sapiens,prioritised,exclude,no_abundances_deposited,reviewer+rest_validation,,LC-MS,2024,Landscape of Metabolic Fingerprinting for Diagnosis of Ovarian Endometriosis.,https://www.metabolomicsworkbench.org/data/DRCCMetadata.php?Mode=Study&StudyID=ST003579,68,METABOLOMICS_WORKBENCH
ST003954,Homo sapiens,prioritised,include,usable_pending_file_check,reviewer+rest_validation,,LC-MS,2025,Integrated analysis of irritable bowel syndrome comorbid with psychological disorders based on microbiomics and metabolomics,https://www.metabolomicsworkbench.org/data/DRCCMetadata.php?Mode=Study&StudyID=ST003954,71,METABOLOMICS_WORKBENCH
ST003984,Homo sapiens,prioritised,include,usable_pending_file_check,reviewer+rest_validation,,FIA-MS/LC-MS,2025,Metabolome analysis as a potential source of endometriosis biomarkers with the use of multiomics approach in its diagnosis,https://www.metabolomicsworkbench.org/data/DRCCMetadata.php?Mode=Study&StudyID=ST003984,197,METABOLOMICS_WORKBENCH
ST004518,Homo sapiens,prioritised,exclude,no_pain_versus_control_contrast,reviewer+rest_validation,,LC-MS,2026,Plasma metabolic profiling identifies elevated hippurate as a potential biomarker of methotrexate non-response in juvenile idiopathic arthritis.,https://www.metabolomicsworkbench.org/data/DRCCMetadata.php?Mode=Study&StudyID=ST004518,60,METABOLOMICS_WORKBENCH
ST001273,Mus musculus,prioritised,exclude,no_pain_phenotype,reviewer+rest_validation,,LC-MS,2019,Lipidomics Dataset of Sonication-Induced Traumatic Optic Neuropathy in Mice,https://www.metabolomicsworkbench.org/data/DRCCMetadata.php?Mode=Study&StudyID=ST001273,62,METABOLOMICS_WORKBENCH
